subject,accuracy,n_samples
irsyad,0.6142857142857143,560
bayu,0.6089285714285714,560
rizqi,0.6,560
dewi,0.5875,560
jovita,0.5833333333333334,540
desta,0.5571428571428572,560
hilmi,0.5303571428571429,560
esty,0.4875,560
nathan,0.43214285714285716,560
prayogi,0.4,560
