kernel,mean_score,std_score,best_params
rbf,0.5376190476190477,0.06322470992877889,"{'C': 10, 'gamma': 'scale'}"
linear,0.5232539682539683,0.06326302936434314,{'C': 0.1}
poly,0.5104100529100529,0.027406934992149242,"{'C': 10, 'degree': 3, 'gamma': 'scale'}"
