subject,accuracy,n_samples
bayu,0.6125,560
irsyad,0.6035714285714285,560
jovita,0.5814814814814815,540
rizqi,0.5625,560
hilmi,0.5482142857142858,560
dewi,0.5446428571428571,560
desta,0.5339285714285714,560
prayogi,0.49642857142857144,560
esty,0.48214285714285715,560
nathan,0.4732142857142857,560
