subject,accuracy,n_samples
jovita,0.6037037037037037,540
rizqi,0.5928571428571429,560
desta,0.5821428571428572,560
irsyad,0.5767857142857142,560
bayu,0.5714285714285714,560
dewi,0.5696428571428571,560
hilmi,0.5321428571428571,560
esty,0.5267857142857143,560
nathan,0.4857142857142857,560
prayogi,0.4035714285714286,560
