config_string,kernel,C,gamma,n_successful_models,balanced_score_mean,balanced_score_std,balanced_score_min,balanced_score_max,success_rate
rbf_C10.0_gammascale,rbf,10.0,scale,10,0.8736146441835821,0.08039390013453221,0.7436431623931624,0.9886340145642472,1.0
rbf_C2.0_gammascale,rbf,2.0,scale,10,0.8542022340969389,0.09463546970376917,0.7218561175666439,0.9886340145642472,1.0
rbf_C1.0_gammascale,rbf,1.0,scale,10,0.8454686511987649,0.10148726143718505,0.6638017250828205,0.9886340145642472,1.0
rbf_C0.5_gammascale,rbf,0.5,scale,10,0.818235453801029,0.10225267441322722,0.669645521428204,0.9772680291284942,1.0
