subject,accuracy,n_samples,n_correct,n_incorrect
bayu,0.7386363636363636,88,65,23
desta,0.6590909090909091,88,58,30
dewi,0.6818181818181818,88,60,28
esty,0.8977272727272727,88,79,9
hilmi,0.7727272727272727,88,68,20
irsyad,0.8636363636363636,88,76,12
jovita,0.7272727272727273,88,64,24
nathan,0.7045454545454546,88,62,26
prayogi,0.75,88,66,22
rizqi,0.7045454545454546,88,62,26
