subject,accuracy,n_samples
irsyad,0.6089285714285714,560
prayogi,0.6,560
jovita,0.5803571428571429,560
desta,0.5589285714285714,560
bayu,0.5410714285714285,560
rizqi,0.5410714285714285,560
dewi,0.5267857142857143,560
esty,0.49642857142857144,560
nathan,0.46964285714285714,560
hilmi,0.45357142857142857,560
