subject,accuracy,n_samples
hilmi,0.6464285714285715,560
desta,0.6142857142857143,560
bayu,0.5946428571428571,560
esty,0.5821428571428572,560
rizqi,0.5696428571428571,560
irsyad,0.5535714285714286,560
prayogi,0.55,560
nathan,0.5035714285714286,560
dewi,0.4982142857142857,560
jovita,0.48703703703703705,540
