subject,accuracy,n_samples
bayu,0.5964285714285714,560
desta,0.5392857142857143,560
irsyad,0.525,560
rizqi,0.5232142857142857,560
hilmi,0.5214285714285715,560
dewi,0.5160714285714286,560
esty,0.5142857142857142,560
jovita,0.5074074074074074,540
prayogi,0.4767857142857143,560
nathan,0.4107142857142857,560
