subject,accuracy,n_samples
jovita,0.6148148148148148,540
esty,0.6017857142857143,560
rizqi,0.5910714285714286,560
bayu,0.5732142857142857,560
irsyad,0.5696428571428571,560
desta,0.5642857142857143,560
dewi,0.5464285714285714,560
hilmi,0.5303571428571429,560
prayogi,0.4982142857142857,560
nathan,0.48035714285714287,560
