subject,accuracy,n_samples
desta,0.5928571428571429,560
rizqi,0.5910714285714286,560
bayu,0.5785714285714286,560
jovita,0.5740740740740741,540
irsyad,0.5607142857142857,560
hilmi,0.5535714285714286,560
esty,0.5267857142857143,560
dewi,0.5053571428571428,560
nathan,0.46785714285714286,560
prayogi,0.45,560
